betId,selectionName,betTimestamp,selectionId,stake,price,currency
Bet-10,My Fair Lady,1489490156000,1,0.5,6,GBP
Bet-11,Always a Runner,1489490156000,2,1.25,4,EUR
Bet-12,Bilbo's Adventure,1489230956000,4,5,4.5,GBP
Bet-13,Fan the Flames,1489403756000,3,4.5,5.5,GBP
Bet-14,Always a Runner,1489144556000,2,7.9,7,EUR
Bet-15,My Fair Lady,1489140956000,1,3.4,6.5,EUR
Bet-16,Bilbo's Adventure,1489227356000,4,2.5,6.5,GBP
Bet-17,Always a Runner,1489313756000,2,1.5,11,EUR
Bet-18,Always a Runner,1489310156000,2,3.8,5.5,GBP
Bet-19,Fan the Flames,1489482956000,3,3.4,4,GBP
Bet-20,Bilbo's Adventure,1489396556000,4,2.25,5,EUR
Bet-21,Always a Runner,1489137356000,2,5.4,6.5,EUR
Bet-22,Fan the Flames,1489223756000,3,6.7,6.5,GBP
Bet-23,Fan the Flames,1489310156000,3,1.1,4.5,EUR
Bet-24,Bilbo's Adventure,1489324556000,4,2,6.5,GBP
Bet-25,Always a Runner,1489151756000,2,3.2,6,GBP
Bet-26,Always a Runner,1489497356000,2,4.2,5,EUR
Bet-27,Fan the Flames,1489410956000,3,2.1,4.5,EUR
Bet-28,My Fair Lady,1489324556000,1,7.8,5.5,GBP
Bet-29,Bilbo's Adventure,1489320956000,4,6.2,6.5,GBP
Bet-30,Bilbo's Adventure,1489493756000,4,8.4,7.5,EUR
Bet-31,My Fair Lady,1489407356000,1,10.5,7.3,GBP
Bet-32,Fan the Flames,1489320956000,3,5,5.5,GBP
Bet-33,Always a Runner,1489234556000,2,0.75,7,EUR